,lat,lng,city,country
aau.dk,57.0355,9.9412,Aalborg,DK
ab.az,40.143105,47.576927000000005,,AZ
ac.msk.su,55.7386,37.6068,,RU
acad.bg,42.6833,23.3167,Sofia,BG
acad.md,47.411631,28.369884999999996,,MD
acadiau.ca,45.0834,-64.3655,Wolfville,CA
acnet.ge,37.751,-97.822,,US
acssouth.com,33.8743,-118.372,Redondo Beach,US
ad.jp,36.204824,138.252924,,JP
adelaide.edu.au,-34.9287,138.599,Adelaide,AU
admu.edu.ph,14.629,121.073,Quezon City,PH
ams.org,37.751,-97.822,,US
anl.gov,30.0866,-94.1274,Beaumont,US
ansp.br,-22.8305,-43.2192,,BR
anu.edu.au,-33.494,143.21,,AU
apc.org,51.5142,-0.0931,London,GB
apctp.org,36.0292,129.365,Pohang,KR
ariadne-t.gr,37.9667,23.7167,,GR
arizona.edu,32.2338,-110.95,Tucson,US
armenia.su,55.7386,37.6068,,RU
as.md,47.0188,28.8128,,MD
asm.md,47.0056,28.8575,Chisinau,MD
astro.it,41.87194,12.56738,,IT
asu.edu,37.751,-97.822,,US
atomki.hu,47.4925,19.0514,,HU
au-kbc.org,37.751,-97.822,,US
aub.com,29.4969,-98.4032,San Antonio,US
aub.edu.lb,53.3449,-6.2658,Temple Bar,IE
auth.gr,40.6406,22.9594,Ágios Pávlos,GR
ayala.as,-14.270972,-170.132217,,AS
ballhausen.de,52.5167,13.4,Berlin,DE
bas-net.by,53.9,27.5667,Minsk,BY
bas.bg,42.7,23.3333,,BG
bbk.ac.uk,51.5167,-0.1167,Bloomsbury,GB
bc.ca,56.130366,-106.34677099999999,,CA
berea.edu,37.4056,-122.077,Mountain View,US
berkeley.edu,43.7442,-120.389,Brothers,US
bg.ac.yu,44.016521000000004,21.005859,,RS
bgu.ac.il,31.5,34.75,,IL
bham.ac.uk,52.45,-1.9167,Edgbaston,GB
bilkent.edu.tr,39.8595,32.7423,Lodumlu,TR
binghamton.edu,30.0866,-94.1274,Beaumont,US
bishkek.su,42.8731,74.6003,Bishkek,KG
biu.ac.il,31.5,34.75,,IL
bke.hu,47.4925,19.0514,,HU
bnl.gov,37.751,-97.822,,US
bose.in,37.751,-97.822,,US
boun.edu.tr,41.0177,28.9744,Istanbul,TR
bowdoin.edu,43.8973,-69.9779,Brunswick,US
brandeis.edu,42.3567,-71.2505,Waltham,US
brown.edu,41.824,-71.4128,Providence,US
brunel.ac.uk,51.5312,-0.4824,Uxbridge,GB
bu.edu,42.3471,-71.1027,Boston,US
buap.mx,18.9732,-98.1835,Puebla,MX
buffalo.edu,42.9784,-78.7998,Amherst,US
calstatela.edu,34.0818,-118.175,Los Angeles,US
caltech.edu,43.7442,-120.389,Brothers,US
cam.ac.uk,52.2333,0.0833,Girton,GB
cambridge.ac.uk,52.2333,0.0833,Girton,GB
camk.edu.pl,52.25,21.0,Warsaw,PL
cankaya.edu.tr,36.9399,30.6761,Cankaya,TR
cant.ac.uk,51.279,1.0799,Canterbury,GB
canterbury.ac.nz,-41.0,174.0,,NZ
cardiff.ac.uk,51.5,-3.2,Cardiff,GB
carleton.ca,45.399,-75.6871,Ottawa,CA
cas.cz,50.0848,14.4112,,CZ
cau.edu,37.751,-97.822,,US
cbpf.br,-22.8305,-43.2192,,BR
ccnu.edu.cn,35.86166,104.195397,,CN
ccu.edu.tw,23.5,121.0,,TW
cea.fr,48.8582,2.3387,,FR
cea.ru,55.7522,37.6156,Moscow,RU
cecs.cl,-33.45,-70.6667,Santiago,CL
celsius.se,59.3247,18.056,,SE
cern.ch,47.1449,8.1551,,CH
cesca.es,40.4172,-3.684,,ES
cesnet.cz,50.1,14.3333,Vokovice,CZ
cf.ac.uk,51.5,-3.2,Cardiff,GB
cft.edu.pl,52.25,21.0,Warsaw,PL
chalmers.se,57.7167,11.9667,Gothenburg,SE
charm.net,37.751,-97.822,,US
chiba-u.ac.jp,35.5993,140.132,Chiba,JP
chiba-u.jp,35.5993,140.132,Chiba,JP
chonbuk.ac.kr,37.5112,126.974,,KR
chubu.ac.jp,35.69,139.69,,JP
chungbuk.ac.kr,35.5529,127.49,Chungbuk,KR
chuo-u.ac.jp,35.8669,139.39,Sayama,JP
chuvsu.ru,56.175,47.2864,Cheboksary,RU
ciae.ac.cn,39.9288,116.389,Beijing,CN
cilea.it,43.1479,12.1097,,IT
cineca.it,43.1479,12.1097,,IT
cinvestav.mx,32.4914,-115.037,Distrito Federal,MX
circe.fr,49.0107,2.0403,Jouy-le-Moutier,FR
city.ac.uk,51.5167,-0.1167,Holborn,GB
clemson.edu,34.6834,-82.8374,Clemson,US
clu.edu,34.2092,-118.874,Thousand Oaks,US
cmu.edu,40.444,-79.9552,Pittsburgh,US
cnea.edu.ar,-30.9546,-58.7833,Federal,AR
cnea.gov.ar,-30.9546,-58.7833,Federal,AR
cnr.it,43.1479,12.1097,,IT
cnrs.fr,45.7485,4.8467,Lyon,FR
cnusc.fr,50.6942,3.1746,Roubaix,FR
colorado.edu,40.015,-105.271,Boulder,US
columbia.edu,40.7975,-73.9683,New York,US
com2com.ru,55.7386,37.6068,,RU
compuserve.com,37.751,-97.822,,US
concordia.ca,45.5,-73.5833,Montreal,CA
conicit.ve,6.42375,-66.58973,,VE
cornell.edu,42.4474,-76.4837,Ithaca,US
cren.net,42.2694,-83.7282,Ann Arbor,US
csic.es,40.4172,-3.684,,ES
css-mps.ru,55.7386,37.6068,,RU
csufresno.edu,29.4969,-98.4032,San Antonio,US
csulb.edu,33.7843,-118.116,Long Beach,US
cuni.cz,50.0765,14.5104,Prague,CZ
cuny.edu,40.7651,-73.9858,New York,US
cusat.ac.in,20.5667,78.8333,Hinganghat,IN
cvut.cs,49.817492,15.472961999999999,,CZ
cvut.cz,50.2667,14.5167,Neratovice,CZ
cwru.edu,41.5074,-81.6053,Cleveland,US
d400.de,51.165690999999995,10.451526,,DE
daejin.ac.kr,37.8944,127.199,Pocheon-si,KR
dal.ca,44.6344,-63.5822,Halifax,CA
dartmouth.edu,43.7045,-72.285,Hanover,US
dbp.de,51.165690999999995,10.451526,,DE
dcu.ie,53.3478,-6.2597,,IE
demokritos.gr,37.9667,23.7167,,GR
demon.nl,52.3667,5.2368,Almere Stad,NL
desy.de,51.2993,9.491,,DE
dias.ie,53.3331,-6.2489,Dublin,IE
dlut.edu.cn,35.86166,104.195397,,CN
dnttm.ro,44.418,26.1691,Bucharest,RO
dou.dk,56.26392,9.501785,,DK
dp.ua,48.4593,35.0386,Dnipro,UA
dreamwiz.com,37.5112,126.974,,KR
du.ac.in,28.684,77.2014,Roopnagar,IN
dubna.su,61.52401,105.31875600000001,,RU
duke.edu,35.9967,-78.8966,Durham,US
dur.ac.uk,54.7667,-1.5333,Shincliffe,GB
durham.ac.uk,54.7667,-1.5333,Shincliffe,GB
dvgu.ru,43.1056,131.874,Vladivostok,RU
ecust.edu.cn,35.86166,104.195397,,CN
ed.ac.uk,55.9521,-3.1965,Edinburgh,GB
edinburgh.ac.uk,55.9521,-3.1965,Edinburgh,GB
edogawa-u.ac.jp,36.204824,138.252924,,JP
ehu.es,40.463667,-3.7492199999999998,,ES
elect.ru,61.52401,105.31875600000001,,RU
elte.hu,47.162494,19.503304,,HU
eltech.ru,61.52401,105.31875600000001,,RU
email.com,33.6013,-111.887,Scottsdale,US
emory.edu,33.7952,-84.3248,Atlanta,US
ens-lyon.fr,46.227638,2.213749,,FR
ens.fr,46.227638,2.213749,,FR
ericsson.se,60.128161,18.643501,,SE
ernet.in,20.593684,78.96288,,IN
esa.es,40.463667,-3.7492199999999998,,ES
esi.ac.at,47.516231,14.550072,,AT
etecsa.cu,21.521757,-77.78116700000001,,CU
ethz.ch,46.818188,8.227511999999999,,CH
eun.eg,26.820553000000004,30.802497999999996,,EG
eurocontrol.fr,46.227638,2.213749,,FR
ewha.ac.kr,35.907757000000004,127.766922,,KR
fatecsp.br,-14.235004,-51.92528,,BR
fcr.es,40.463667,-3.7492199999999998,,ES
fdu.edu,40.8915,-74.0119,Teaneck,US
fhg.de,51.165690999999995,10.451526,,DE
fisica.edu.uy,-32.522779,-55.765834999999996,,UY
fisilp.edu.ar,-38.416097,-63.616671999999994,,AR
fit.ac.jp,36.204824,138.252924,,JP
flinders.edu.au,-25.274398,133.775136,,AU
fnal.gov,37.751,-97.822,,US
forth.gr,39.074208,21.824312,,GR
fredonia.edu,40.6518,-74.3229,Garwood,US
free.net,55.7386,37.6068,,RU
fsr.ac.ma,31.791702,-7.09262,,MA
fsu.edu,30.4425,-84.2986,Tallahassee,US
fu-berlin.de,51.165690999999995,10.451526,,DE
fudan.ac.cn,35.86166,104.195397,,CN
fudan.edu.cn,35.86166,104.195397,,CN
fukui-u.ac.jp,36.204824,138.252924,,JP
fukuoka-edu.ac.jp,36.204824,138.252924,,JP
funrei.br,-14.235004,-51.92528,,BR
fuw.edu.pl,51.919438,19.145135999999997,,PL
fz-juelich.de,51.165690999999995,10.451526,,DE
fz-rossendorf.de,51.165690999999995,10.451526,,DE
fzu.cz,49.817492,15.472961999999999,,CZ
gagarinclub.ru,61.52401,105.31875600000001,,RU
galactica.it,41.87194,12.56738,,IT
gatech.edu,33.7763,-84.398,Atlanta,US
gda.pl,51.919438,19.145135999999997,,PL
gifu-cwc.ac.jp,36.204824,138.252924,,JP
gluk.org,50.3307,30.4684,Khotiv,UA
gmd.de,51.165690999999995,10.451526,,DE
gmx.de,51.165690999999995,10.451526,,DE
gno.de,51.165690999999995,10.451526,,DE
go.jp,36.204824,138.252924,,JP
gpi.ru,61.52401,105.31875600000001,,RU
gscas.ac.cn,35.86166,104.195397,,CN
gsi.de,51.165690999999995,10.451526,,DE
gsw.edu,32.0404,-84.2153,Americus,US
gunma-ct.ac.jp,36.204824,138.252924,,JP
gursey.gov.tr,38.963745,35.243322,,TR
gwdg.de,51.165690999999995,10.451526,,DE
haifa.ac.il,31.046051000000002,34.851612,,IL
hanyang.ac.kr,35.907757000000004,127.766922,,KR
harc.edu,32.7787,-96.8217,Dallas,US
harvard.edu,30.0866,-94.1274,Beaumont,US
hawaii.edu,21.3117,-157.83,Honolulu,US
hdd.se,60.128161,18.643501,,SE
helsinki.fi,61.92411,25.748151,,FI
hepi.edu.ge,42.315407,43.356891999999995,,GE
hi.is,64.96305100000001,-19.020835,,IS
hioslo.no,60.472024,8.468946,,NO
hiroshima-u.ac.jp,36.204824,138.252924,,JP
hks.se,60.128161,18.643501,,SE
hokkyodai.ac.jp,36.204824,138.252924,,JP
hokudai.ac.jp,36.204824,138.252924,,JP
honam.ac.kr,35.907757000000004,127.766922,,KR
hotbox.ru,61.52401,105.31875600000001,,RU
hotmail.com,37.751,-97.822,,US
hotmail.kg,41.20438,74.766098,,KG
howard.edu,38.8933,-77.0146,Washington,US
hp.com,37.751,-97.822,,US
hu-berlin.de,51.165690999999995,10.451526,,DE
huji.ac.il,31.046051000000002,34.851612,,IL
hull.ac.uk,53.7167,-0.3333,Hull,GB
hun.edu.tr,38.963745,35.243322,,TR
hunnu.edu.cn,35.86166,104.195397,,CN
hut.fi,61.92411,25.748151,,FI
hw.ac.uk,55.9,-3.3,Currie,GB
hws.edu,42.8637,-76.9913,Geneva,US
hyogo-u.ac.jp,36.204824,138.252924,,JP
hzuniv.edu.cn,35.86166,104.195397,,CN
iaa.es,40.463667,-3.7492199999999998,,ES
iafe.edu.ar,-38.416097,-63.616671999999994,,AR
iap.fr,46.227638,2.213749,,FR
iapcm.ac.cn,35.86166,104.195397,,CN
ias.edu,30.0866,-94.1274,Beaumont,US
iasbs.ac.ir,32.427908,53.68804599999999,,IR
iastate.edu,42.036,-93.4652,Ames,US
ibaraki.ac.jp,36.204824,138.252924,,JP
ibm.com,37.751,-97.822,,US
ibp.fr,46.227638,2.213749,,FR
ibrae.ac.ru,61.52401,105.31875600000001,,RU
ic.ac.uk,51.4833,-0.1667,South Kensington,GB
icra.it,41.87194,12.56738,,IT
id.ru,61.52401,105.31875600000001,,RU
ifa.ro,45.943160999999996,24.96676,,RO
ifae.es,40.463667,-3.7492199999999998,,ES
ifh.de,51.165690999999995,10.451526,,DE
ifj.edu.pl,51.919438,19.145135999999997,,PL
ihep.ac.cn,35.86166,104.195397,,CN
ihep.su,55.7386,37.6068,,RU
ihes.fr,46.227638,2.213749,,FR
iitb.ac.in,20.593684,78.96288,,IN
iitk.ac.in,20.593684,78.96288,,IN
ijs.si,46.151241,14.995463,,SI
imamod.ru,61.52401,105.31875600000001,,RU
in.edu.uz,41.377491,64.585262,,UZ
in2p3.fr,46.227638,2.213749,,FR
indiana.edu,39.1401,-86.5083,Bloomington,US
inf.cu,21.521757,-77.78116700000001,,CU
infn.it,41.87194,12.56738,,IT
infocity.de,51.165690999999995,10.451526,,DE
inje.ac.kr,35.907757000000004,127.766922,,KR
inr.ac.ru,61.52401,105.31875600000001,,RU
inta.es,40.463667,-3.7492199999999998,,ES
iol.it,41.87194,12.56738,,IT
iphy.ac.cn,35.86166,104.195397,,CN
ipicyt.edu.mx,23.634501,-102.552784,,MX
ipm.ac.ir,32.427908,53.68804599999999,,IR
ipm.ir,32.427908,53.68804599999999,,IR
ippt.gov.pl,51.919438,19.145135999999997,,PL
ipu.ac.jp,36.204824,138.252924,,JP
irb.hr,45.1,15.2,,HR
isical.ac.in,20.593684,78.96288,,IN
isu.ru,61.52401,105.31875600000001,,RU
it-chiba.ac.jp,36.204824,138.252924,,JP
it-hiroshima.ac.jp,36.204824,138.252924,,JP
ita.br,-14.235004,-51.92528,,BR
itb.ac.id,-0.789275,113.921327,,ID
itep.ru,61.52401,105.31875600000001,,RU
itm.edu.my,4.210483999999999,101.97576600000001,,MY
itp.ac.cn,35.86166,104.195397,,CN
itp.ac.ru,61.52401,105.31875600000001,,RU
itu.edu.tr,38.963745,35.243322,,TR
iu-bremen.de,51.165690999999995,10.451526,,DE
iun.edu,39.1401,-86.5083,Bloomington,US
iut.ac.ir,32.427908,53.68804599999999,,IR
ivic.ve,6.42375,-66.58973,,VE
iyte.edu.tr,38.963745,35.243322,,TR
jamia.net,42.5089,-71.2004,Burlington,US
jhu.edu,39.3265,-76.6048,Baltimore,US
jinr.ru,61.52401,105.31875600000001,,RU
jl.cn,35.86166,104.195397,,CN
jlu.edu.cn,35.86166,104.195397,,CN
js.cn,35.86166,104.195397,,CN
ju.edu.jo,30.585164000000002,36.238414,,JO
jussieu.fr,46.227638,2.213749,,FR
jyu.fi,61.92411,25.748151,,FI
kaist.ac.kr,35.907757000000004,127.766922,,KR
kanazawa-gu.ac.jp,36.204824,138.252924,,JP
kanazawa-u.ac.jp,36.204824,138.252924,,JP
kangwon.ac.kr,35.907757000000004,127.766922,,KR
kau.se,60.128161,18.643501,,SE
kazan-spu.ru,61.52401,105.31875600000001,,RU
kcl.ac.uk,51.5085,-0.1257,London,GB
kdcnet.ac.jp,36.204824,138.252924,,JP
keio.ac.jp,36.204824,138.252924,,JP
kek.jp,36.204824,138.252924,,JP
kemerovo.su,55.7386,37.6068,,RU
kennesaw.edu,34.0287,-84.6047,Kennesaw,US
kfa-juelich.de,51.165690999999995,10.451526,,DE
kfki.hu,47.162494,19.503304,,HU
kharkov.ua,48.379433,31.16558,,UA
khu.ac.kr,35.907757000000004,127.766922,,KR
kiev.ua,48.379433,31.16558,,UA
kindai.ac.jp,36.204824,138.252924,,JP
kisarazu.ac.jp,36.204824,138.252924,,JP
kitasato-u.ac.jp,36.204824,138.252924,,JP
knu.ac.kr,35.907757000000004,127.766922,,KR
kobe-kiu.ac.jp,36.204824,138.252924,,JP
kobe-u.ac.jp,36.204824,138.252924,,JP
kochi-tech.ac.jp,36.204824,138.252924,,JP
komisc.ru,61.52401,105.31875600000001,,RU
korea.ac.kr,35.907757000000004,127.766922,,KR
kpu-m.ac.jp,36.204824,138.252924,,JP
krg.kz,48.019573,66.923684,,KZ
krsu.edu.kg,41.20438,74.766098,,KG
ksu.edu,39.1938,-96.5858,Manhattan,US
kth.se,60.128161,18.643501,,SE
ku.dk,56.26392,9.501785,,DK
ku.edu.tr,38.963745,35.243322,,TR
kubstu.ru,61.52401,105.31875600000001,,RU
kuleuven.ac.be,50.503887,4.469936,,BE
kumamoto-u.ac.jp,36.204824,138.252924,,JP
kun.nl,52.132633,5.291266,,NL
kunsan.ac.kr,35.907757000000004,127.766922,,KR
kva.se,60.128161,18.643501,,SE
kwansei.ac.jp,36.204824,138.252924,,JP
kyoto-u.ac.jp,36.204824,138.252924,,JP
kyunghee.ac.kr,35.907757000000004,127.766922,,KR
kyungnam.ac.kr,35.907757000000004,127.766922,,KR
kyungpook.ac.kr,35.907757000000004,127.766922,,KR
kyungsung.ac.kr,35.907757000000004,127.766922,,KR
kyushu-u.ac.jp,36.204824,138.252924,,JP
kzn.ru,61.52401,105.31875600000001,,RU
lancaster.ac.uk,54.0167,-2.7833,Scotforth,GB
lancs.ac.uk,54.0167,-2.7833,Scotforth,GB
landau.ac.ru,61.52401,105.31875600000001,,RU
lanl.gov,37.751,-97.822,,US
latrobe.edu.au,-25.274398,133.775136,,AU
lbl.gov,37.8571,-122.25,Berkeley,US
lboro.ac.uk,52.7833,-1.25,Hathern,GB
lebedev.ru,61.52401,105.31875600000001,,RU
leeds.ac.uk,53.7965,-1.5478,Leeds,GB
leicester.ac.uk,52.6386,-1.1317,Leicester,GB
leidenuniv.nl,52.132633,5.291266,,NL
libero.it,41.87194,12.56738,,IT
liu.se,60.128161,18.643501,,SE
liv.ac.uk,53.4062,-2.9745,Liverpool,GB
lncc.br,-14.235004,-51.92528,,BR
lodz.pl,51.919438,19.145135999999997,,PL
lpi.ac.ru,61.52401,105.31875600000001,,RU
lpi.ru,61.52401,105.31875600000001,,RU
lsu.edu,30.405,-91.1868,Baton Rouge,US
lth.se,60.128161,18.643501,,SE
lu.se,60.128161,18.643501,,SE
lublin.pl,51.919438,19.145135999999997,,PL
luc.edu,42.0095,-87.6689,Chicago,US
lviv.ua,48.379433,31.16558,,UA
lzu.edu.cn,35.86166,104.195397,,CN
madritel.es,40.463667,-3.7492199999999998,,ES
mail.ru,61.52401,105.31875600000001,,RU
mail2000.ru,61.52401,105.31875600000001,,RU
maine.edu,45.0028,-68.6334,Orono,US
mam.gov.tr,38.963745,35.243322,,TR
man.ac.uk,53.4809,-2.2374,Manchester,GB
mass.edu,42.1736,-71.0514,Randolph,US
math-inst.hu,47.162494,19.503304,,HU
math.ca,56.130366,-106.34677099999999,,CA
may.ie,53.41291,-8.243889999999999,,IE
mccme.ru,61.52401,105.31875600000001,,RU
mcgill.ca,56.130366,-106.34677099999999,,CA
mclink.it,41.87194,12.56738,,IT
mcmaster.ca,56.130366,-106.34677099999999,,CA
metro-u.ac.jp,36.204824,138.252924,,JP
metu.edu.tr,38.963745,35.243322,,TR
miami.edu,37.3203,-78.5487,Prospect,US
mian.su,61.52401,105.31875600000001,,RU
middlebury.edu,44.0155,-73.1694,Middlebury,US
missouri.edu,38.9348,-92.3639,Columbia,US
mit.edu,37.751,-97.822,,US
ml.org,51.2993,9.491,,DE
moldnet.md,47.411631,28.369884999999996,,MD
monash.edu.au,-25.274398,133.775136,,AU
mpg.de,51.165690999999995,10.451526,,DE
msk.ru,61.52401,105.31875600000001,,RU
msk.su,55.7386,37.6068,,RU
msri.org,36.8102,-119.382,Piedra,US
msu.ru,61.52401,105.31875600000001,,RU
msu.su,61.52401,105.31875600000001,,RU
mum.edu,33.9631,-118.394,Los Angeles,US
muni.cz,49.817492,15.472961999999999,,CZ
nagoya-u.ac.jp,36.204824,138.252924,,JP
nara-edu.ac.jp,36.204824,138.252924,,JP
nara-wu.ac.jp,36.204824,138.252924,,JP
nasa.gov,30.0866,-94.1274,Beaumont,US
nbi.dk,56.26392,9.501785,,DK
ncku.edu.tw,23.69781,120.96051499999999,,TW
ncl.ac.uk,54.9733,-1.614,Newcastle Upon Tyne,GB
ncren.net,37.751,-97.822,,US
ncst.ac.vn,14.058323999999999,108.277199,,VN
ncsu.edu,35.7645,-78.7112,Raleigh,US
nctu.edu.tw,23.69781,120.96051499999999,,TW
ncu.edu.tw,23.69781,120.96051499999999,,TW
nd.edu,30.0866,-94.1274,Beaumont,US
nda.ac.jp,36.204824,138.252924,,JP
net.in,20.593684,78.96288,,IN
netcom.com,37.751,-97.822,,US
neu.edu,42.3427,-71.0922,Boston,US
neva.ru,61.52401,105.31875600000001,,RU
newcastle.ac.uk,54.9733,-1.614,Newcastle Upon Tyne,GB
ni.ac.yu,44.016521000000004,21.005859,,RS
nic.in,20.593684,78.96288,,IN
nihon-u.ac.jp,36.204824,138.252924,,JP
niigata-u.ac.jp,36.204824,138.252924,,JP
nikhef.nl,52.132633,5.291266,,NL
nipne.ro,45.943160999999996,24.96676,,RO
nist.gov,39.1403,-77.222,Gaithersburg,US
nju.edu.cn,35.86166,104.195397,,CN
nmsu.edu,32.2738,-106.747,Las Cruces,US
nnov.ru,61.52401,105.31875600000001,,RU
nnov.su,61.52401,105.31875600000001,,RU
nordita.dk,56.26392,9.501785,,DK
northeastern.edu,42.3427,-71.0922,Boston,US
nott.ac.uk,52.9667,-1.1833,Basford,GB
nsc.ru,61.52401,105.31875600000001,,RU
nsf.gov,37.751,-97.822,,US
nsk.su,55.7386,37.6068,,RU
ntech.ac.za,-30.559482,22.937506,,ZA
nthu.edu.tw,23.69781,120.96051499999999,,TW
ntnu.edu.tw,23.69781,120.96051499999999,,TW
ntnu.no,60.472024,8.468946,,NO
ntu.edu.tw,23.69781,120.96051499999999,,TW
ntua.gr,39.074208,21.824312,,GR
nus.edu.sg,1.352083,103.819836,,SG
nus.sg,1.352083,103.819836,,SG
nwu.edu.cn,35.86166,104.195397,,CN
nyu.edu,40.7313,-73.9892,New York,US
obspm.fr,46.227638,2.213749,,FR
ocha.ac.jp,36.204824,138.252924,,JP
oeaw.ac.at,47.516231,14.550072,,AT
ohio-state.edu,39.993,-82.9985,Columbus,US
okstate.edu,36.1241,-97.0705,Stillwater,US
omsk.su,55.7386,37.6068,,RU
on.br,-14.235004,-51.92528,,BR
open.ac.uk,52.0172,-0.6909,Milton Keynes,GB
openu.ac.il,31.046051000000002,34.851612,,IL
or.jp,36.204824,138.252924,,JP
orc.ru,61.52401,105.31875600000001,,RU
orst.edu,44.5638,-123.278,Corvallis,US
osaka-cu.ac.jp,36.204824,138.252924,,JP
osaka-u.ac.jp,36.204824,138.252924,,JP
otsuma.ac.jp,36.204824,138.252924,,JP
ou.dk,56.26392,9.501785,,DK
ou.edu,35.4794,-97.5017,Oklahoma City,US
ox.ac.uk,51.7657,-1.2797,Oxford,GB
oxford.ac.uk,51.7657,-1.2797,Oxford,GB
oz.au,-25.274398,133.775136,,AU
pepperdine.edu,29.4969,-98.4032,San Antonio,US
perimeterinstitute.ca,56.130366,-106.34677099999999,,CA
pfu.edu.ru,61.52401,105.31875600000001,,RU
phy.hr,45.1,15.2,,HR
physics.uch.gr,39.074208,21.824312,,GR
physto.se,60.128161,18.643501,,SE
pitt.edu,40.4432,-79.9531,Pittsburgh,US
pku.edu.cn,35.86166,104.195397,,CN
plearn.edu.pl,51.919438,19.145135999999997,,PL
plymouth.ac.uk,51.4964,-0.1224,,GB
polimi.it,41.87194,12.56738,,IT
polito.it,41.87194,12.56738,,IT
polytechnique.fr,46.227638,2.213749,,FR
port.ac.uk,51.5085,-0.1257,London,GB
postech.ac.kr,35.907757000000004,127.766922,,KR
pppl.gov,40.3666,-74.6408,Princeton,US
primenet.com,27.8812,-82.7521,Largo,US
princeton.edu,40.3666,-74.6408,Princeton,US
psi.ch,46.818188,8.227511999999999,,CH
psu.edu,40.8082,-77.8926,State College,US
puc-rio.br,-14.235004,-51.92528,,BR
puc.cl,-35.675146999999996,-71.542969,,CL
pucminas.br,-14.235004,-51.92528,,BR
purdue.edu,40.4249,-86.9162,West Lafayette,US
pusan.ac.kr,35.907757000000004,127.766922,,KR
qc.edu,37.751,-97.822,,US
qmul.ac.uk,51.5161,-0.0949,London,GB
qmw.ac.uk,51.5161,-0.0949,London,GB
queensu.ca,56.130366,-106.34677099999999,,CA
r.am,40.069099,45.038189,,AM
rambler.ru,61.52401,105.31875600000001,,RU
ras.ru,61.52401,105.31875600000001,,RU
rc.ac.ru,61.52401,105.31875600000001,,RU
re.kr,35.907757000000004,127.766922,,KR
rediris.es,40.463667,-3.7492199999999998,,ES
reduaz.mx,23.634501,-102.552784,,MX
renyi.hu,47.162494,19.503304,,HU
res.in,20.593684,78.96288,,IN
rhbnc.ac.uk,51.4454,-0.3297,Twickenham,GB
rice.edu,29.7179,-95.4263,Houston,US
rikkyo.ac.jp,36.204824,138.252924,,JP
rl.ac.uk,51.5601,-1.7779,Swindon,GB
rochester.edu,43.1275,-77.6277,Rochester,US
rockefeller.edu,40.7685,-73.9588,New York,US
rssi.ru,61.52401,105.31875600000001,,RU
rug.ac.be,50.503887,4.469936,,BE
rug.nl,52.132633,5.291266,,NL
ruhep.ru,61.52401,105.31875600000001,,RU
ruhr-uni-bochum.de,51.165690999999995,10.451526,,DE
runnet.ru,61.52401,105.31875600000001,,RU
rutgers.edu,40.5515,-74.459,Piscataway,US
ruu.nl,52.132633,5.291266,,NL
rwth-aachen.de,51.165690999999995,10.451526,,DE
ryukoku.ac.jp,36.204824,138.252924,,JP
saitama-med.ac.jp,36.204824,138.252924,,JP
saitama-u.ac.jp,36.204824,138.252924,,JP
sancharnet.in,20.593684,78.96288,,IN
savba.sk,48.669026,19.699023999999998,,SK
sbu.ac.ir,32.427908,53.68804599999999,,IR
sc.edu,34.0007,-81.0348,Columbia,US
scgis.ru,61.52401,105.31875600000001,,RU
sci-nnov.ru,61.52401,105.31875600000001,,RU
sci.am,40.069099,45.038189,,AM
scu.ac.kr,35.907757000000004,127.766922,,KR
sdu.dk,56.26392,9.501785,,DK
seikei.ac.jp,36.204824,138.252924,,JP
sejong.ac.kr,35.907757000000004,127.766922,,KR
semyung.ac.kr,35.907757000000004,127.766922,,KR
sfos.ro,45.943160999999996,24.96676,,RO
sfsu.edu,37.7211,-122.475,San Francisco,US
sfu.ca,56.130366,-106.34677099999999,,CA
sh.cn,35.86166,104.195397,,CN
sharif.ac.ir,32.427908,53.68804599999999,,IR
sharif.edu,35.7081,51.3456,Tarasht,IR
shaw.ca,56.130366,-106.34677099999999,,CA
sheffield.ac.uk,53.35,-1.55,Sheffield,GB
shiga-u.ac.jp,36.204824,138.252924,,JP
shimane-u.ac.jp,36.204824,138.252924,,JP
shinshu-u.ac.jp,36.204824,138.252924,,JP
shizuoka.ac.jp,36.204824,138.252924,,JP
shs.no,60.472024,8.468946,,NO
shtu.edu.cn,35.86166,104.195397,,CN
shu-bg.net,42.7,23.3333,,BG
simbirsk.su,61.52401,105.31875600000001,,RU
sina.com,37.751,-97.822,,US
singnet.com.sg,1.352083,103.819836,,SG
sinica.edu.tw,23.69781,120.96051499999999,,TW
sintef.no,60.472024,8.468946,,NO
sissa.it,41.87194,12.56738,,IT
sit.ac.jp,36.204824,138.252924,,JP
siue.edu,38.7484,-89.9832,Glen Carbon,US
skku.ac.kr,35.907757000000004,127.766922,,KR
slu.cz,49.817492,15.472961999999999,,CZ
smu.edu,32.7673,-96.7776,Dallas,US
snafu.de,51.165690999999995,10.451526,,DE
sns.it,41.87194,12.56738,,IT
snu.ac.kr,35.907757000000004,127.766922,,KR
soft.net,20.0,77.0,,IN
softjoys.ru,61.52401,105.31875600000001,,RU
sogang.ac.kr,35.907757000000004,127.766922,,KR
soton.ac.uk,50.927,-1.394,Southampton,GB
southampton.ac.uk,50.927,-1.394,Southampton,GB
sovam.com,55.7386,37.6068,,RU
spb.edu,59.8944,30.2642,St Petersburg,RU
spb.ru,61.52401,105.31875600000001,,RU
spb.su,55.7386,37.6068,,RU
spbu.ru,61.52401,105.31875600000001,,RU
ssti.ru,61.52401,105.31875600000001,,RU
stanford.edu,37.4236,-122.162,Stanford,US
stfx.ca,56.130366,-106.34677099999999,,CA
stuba.sk,48.669026,19.699023999999998,,SK
su.se,60.128161,18.643501,,SE
sun.ac.za,-30.559482,22.937506,,ZA
sunchon.ac.kr,35.907757000000004,127.766922,,KR
sunet.se,60.128161,18.643501,,SE
sunysb.edu,40.885,-73.0069,Coram,US
susc.ac.ir,32.427908,53.68804599999999,,IR
sussex.ac.uk,50.8614,-0.1204,Brighton,GB
susx.ac.uk,50.8614,-0.1204,Brighton,GB
sut.ac.ir,32.427908,53.68804599999999,,IR
sut.ac.jp,36.204824,138.252924,,JP
suzuka-u.ac.jp,36.204824,138.252924,,JP
swan.ac.uk,51.6239,-4.0317,Dunvant,GB
swansea.ac.uk,51.6239,-4.0317,Dunvant,GB
syr.edu,43.0377,-76.1396,Syracuse,US
szczecin.pl,51.919438,19.145135999999997,,PL
tabrizu.ac.ir,32.427908,53.68804599999999,,IR
tac.dk,56.26392,9.501785,,DK
tamu.edu,30.5118,-96.3171,College Station,US
tarnow.pl,51.919438,19.145135999999997,,PL
tartu.ee,58.595271999999994,25.013607,,EE
tau.ac.il,31.046051000000002,34.851612,,IL
tcd.ie,53.41291,-8.243889999999999,,IE
technion.ac.il,31.046051000000002,34.851612,,IL
teikyo-u.ac.jp,36.204824,138.252924,,JP
telecom.com.co,4.570868,-74.297333,,CO
tezukayama-u.ac.jp,36.204824,138.252924,,JP
think.com,37.751,-97.822,,US
tid.es,40.463667,-3.7492199999999998,,ES
titech.ac.jp,36.204824,138.252924,,JP
tku.edu.tw,23.69781,120.96051499999999,,TW
toho-u.ac.jp,36.204824,138.252924,,JP
tohoku.ac.jp,36.204824,138.252924,,JP
tokyo-ct.ac.jp,36.204824,138.252924,,JP
tokyo-kasei.ac.jp,36.204824,138.252924,,JP
tomsk.su,61.52401,105.31875600000001,,RU
tomsknet.ru,61.52401,105.31875600000001,,RU
toronto.edu,43.6629,-79.3987,Toronto,CA
torun.pl,51.919438,19.145135999999997,,PL
toyama-u.ac.jp,36.204824,138.252924,,JP
tpu.edu.ru,61.52401,105.31875600000001,,RU
trieste.it,41.87194,12.56738,,IT
troitsk.ru,61.52401,105.31875600000001,,RU
tsinghua.edu.cn,35.86166,104.195397,,CN
tspu.edu.ru,61.52401,105.31875600000001,,RU
tsu.edu.ge,42.315407,43.356891999999995,,GE
tsu.ru,61.52401,105.31875600000001,,RU
tsukuba.ac.jp,36.204824,138.252924,,JP
tu-berlin.de,51.165690999999995,10.451526,,DE
tu-chel.ac.ru,61.52401,105.31875600000001,,RU
tu-chemnitz.de,51.165690999999995,10.451526,,DE
tu-clausthal.de,51.165690999999995,10.451526,,DE
tu-darmstadt.de,51.165690999999995,10.451526,,DE
tu-dresden.de,51.165690999999995,10.451526,,DE
tu-graz.ac.at,47.516231,14.550072,,AT
tu-muenchen.de,51.165690999999995,10.451526,,DE
tubitak.gov.tr,38.963745,35.243322,,TR
tufts.edu,37.751,-97.822,,US
tuiasi.ro,45.943160999999996,24.96676,,RO
tuwien.ac.at,47.516231,14.550072,,AT
tversu.ru,61.52401,105.31875600000001,,RU
twnmoe10.edu.tw,23.69781,120.96051499999999,,TW
u-bordeaux.fr,46.227638,2.213749,,FR
u-bourgogne.fr,46.227638,2.213749,,FR
u-cergy.fr,46.227638,2.213749,,FR
u-nancy.fr,46.227638,2.213749,,FR
u-psud.fr,46.227638,2.213749,,FR
u-ryukyu.ac.jp,36.204824,138.252924,,JP
u-shizuoka-ken.ac.jp,36.204824,138.252924,,JP
u-strasbg.fr,46.227638,2.213749,,FR
u-szeged.hu,47.162494,19.503304,,HU
u-tokai.ac.jp,36.204824,138.252924,,JP
u-tokyo.ac.jp,36.204824,138.252924,,JP
ua.ac.be,50.503887,4.469936,,BE
ua.edu,33.3072,-87.5859,Tuscaloosa,US
uab.es,40.463667,-3.7492199999999998,,ES
uah.edu,34.7339,-86.6456,Huntsville,US
uakron.edu,30.0866,-94.1274,Beaumont,US
ualberta.ca,56.130366,-106.34677099999999,,CA
ualg.pt,39.399871999999995,-8.224454,,PT
uam.es,40.463667,-3.7492199999999998,,ES
uasnet.mx,23.634501,-102.552784,,MX
ub.es,40.463667,-3.7492199999999998,,ES
uba.ar,-38.416097,-63.616671999999994,,AR
ubc.ca,56.130366,-106.34677099999999,,CA
ubi.pt,39.399871999999995,-8.224454,,PT
ubiobio.cl,-35.675146999999996,-71.542969,,CL
ubu.es,40.463667,-3.7492199999999998,,ES
uc.edu,39.1668,-84.5382,Cincinnati,US
uc.pt,39.399871999999995,-8.224454,,PT
ucalgary.ca,56.130366,-106.34677099999999,,CA
ucam.ac.ma,31.791702,-7.09262,,MA
ucd.ie,53.41291,-8.243889999999999,,IE
ucdavis.edu,37.751,-97.822,,US
ucf.edu,28.5663,-81.2608,Orlando,US
ucg.ie,53.41291,-8.243889999999999,,IE
uch.gr,39.074208,21.824312,,GR
uchicago.edu,30.0866,-94.1274,Beaumont,US
uchile.cl,-35.675146999999996,-71.542969,,CL
uci.edu,33.6485,-117.839,Irvine,US
ucl.ac.be,50.503887,4.469936,,BE
ucla.edu,34.0481,-118.526,Pacific Palisades,US
ucla.edu.ve,6.42375,-66.58973,,VE
uclv.edu.cu,21.521757,-77.78116700000001,,CU
ucm.es,40.463667,-3.7492199999999998,,ES
ucolick.org,36.9959,-122.058,Santa Cruz,US
uconn.edu,41.808,-72.251,Storrs Mansfield,US
ucp.br,-14.235004,-51.92528,,BR
ucr.ac.cr,9.748917,-83.753428,,CR
ucr.edu,33.9533,-117.396,Riverside,US
ucsb.edu,37.751,-97.822,,US
ucsc.edu,36.9959,-122.058,Santa Cruz,US
ucsd.edu,32.8473,-117.274,La Jolla,US
uct.ac.za,-30.559482,22.937506,,ZA
ucv.ro,45.943160999999996,24.96676,,RO
ucv.ve,6.42375,-66.58973,,VE
ucy.ac.cy,35.126413,33.429859,,CY
udayton.edu,39.7405,-84.1789,Dayton,US
udea.edu.co,4.570868,-74.297333,,CO
udec.cl,-35.675146999999996,-71.542969,,CL
udel.edu,39.6896,-75.7584,Newark,US
udesc.br,-14.235004,-51.92528,,BR
udg.mx,23.634501,-102.552784,,MX
uel.br,-14.235004,-51.92528,,BR
uem.es,40.463667,-3.7492199999999998,,ES
uerj.br,-14.235004,-51.92528,,BR
ufba.br,-14.235004,-51.92528,,BR
ufc.br,-14.235004,-51.92528,,BR
ufes.br,-14.235004,-51.92528,,BR
uff.br,-14.235004,-51.92528,,BR
ufjf.br,-14.235004,-51.92528,,BR
ufl.edu,29.6813,-82.3539,Gainesville,US
ufmg.br,-14.235004,-51.92528,,BR
ufpb.br,-14.235004,-51.92528,,BR
ufpe.br,-14.235004,-51.92528,,BR
ufpr.br,-14.235004,-51.92528,,BR
ufrgs.br,-14.235004,-51.92528,,BR
ufrj.br,-14.235004,-51.92528,,BR
ufs.br,-14.235004,-51.92528,,BR
ufsc.br,-14.235004,-51.92528,,BR
ufscar.br,-14.235004,-51.92528,,BR
ugr.es,40.463667,-3.7492199999999998,,ES
ugto.mx,23.634501,-102.552784,,MX
uib.no,60.472024,8.468946,,NO
uic.edu,41.8805,-87.6873,Chicago,US
uio.no,60.472024,8.468946,,NO
uiowa.edu,30.0866,-94.1274,Beaumont,US
uiuc.edu,40.1095,-88.2036,Urbana,US
uj.edu.pl,51.919438,19.145135999999997,,PL
ukc.ac.uk,51.3068,1.043,Canterbury,GB
ukonline.co.uk,51.4964,-0.1224,,GB
uky.edu,38.0287,-84.5075,Lexington,US
ul.pt,39.399871999999995,-8.224454,,PT
ula.ve,6.42375,-66.58973,,VE
ulaval.ca,56.130366,-106.34677099999999,,CA
ulb.ac.be,50.503887,4.469936,,BE
uleth.ca,56.130366,-106.34677099999999,,CA
ulg.ac.be,50.503887,4.469936,,BE
ulpgc.es,40.463667,-3.7492199999999998,,ES
ulusofona.pt,39.399871999999995,-8.224454,,PT
um.ac.ir,32.427908,53.68804599999999,,IR
um.es,40.463667,-3.7492199999999998,,ES
umass.edu,42.3919,-72.5248,Amherst,US
umassd.edu,41.6338,-70.9958,North Dartmouth,US
umd.edu,47.5413,-122.313,Seattle,US
umh.ac.be,50.503887,4.469936,,BE
umich.edu,42.3042,-83.7068,Ann Arbor,US
umich.mx,23.634501,-102.552784,,MX
umist.ac.uk,53.4809,-2.2374,Manchester,GB
umn.edu,44.9759,-93.2166,Minneapolis,US
umontreal.ca,56.130366,-106.34677099999999,,CA
umsl.edu,38.7071,-90.3055,St Louis,US
unal.edu.co,4.570868,-74.297333,,CO
unam.mx,23.634501,-102.552784,,MX
unb.br,-14.235004,-51.92528,,BR
unb.ca,56.130366,-106.34677099999999,,CA
unc.edu,36.0525,-79.1077,Chapel Hill,US
uncor.edu,-31.4,-64.1833,Córdoba,AR
und.ac.za,-30.559482,22.937506,,ZA
une.edu.au,-25.274398,133.775136,,AU
unesp.br,-14.235004,-51.92528,,BR
uni-bielefeld.de,51.165690999999995,10.451526,,DE
uni-bonn.de,51.165690999999995,10.451526,,DE
uni-bremen.de,51.165690999999995,10.451526,,DE
uni-dortmund.de,51.165690999999995,10.451526,,DE
uni-erlangen.de,51.165690999999995,10.451526,,DE
uni-essen.de,51.165690999999995,10.451526,,DE
uni-frankfurt.de,51.165690999999995,10.451526,,DE
uni-freiburg.de,51.165690999999995,10.451526,,DE
uni-giessen.de,51.165690999999995,10.451526,,DE
uni-goettingen.de,51.165690999999995,10.451526,,DE
uni-greifswald.de,51.165690999999995,10.451526,,DE
uni-halle.de,51.165690999999995,10.451526,,DE
uni-hamburg.de,51.165690999999995,10.451526,,DE
uni-hannover.de,51.165690999999995,10.451526,,DE
uni-heidelberg.de,51.165690999999995,10.451526,,DE
uni-jena.de,51.165690999999995,10.451526,,DE
uni-karlsruhe.de,51.165690999999995,10.451526,,DE
uni-kiel.de,51.165690999999995,10.451526,,DE
uni-kl.de,51.165690999999995,10.451526,,DE
uni-koeln.de,51.165690999999995,10.451526,,DE
uni-konstanz.de,51.165690999999995,10.451526,,DE
uni-leipzig.de,51.165690999999995,10.451526,,DE
uni-linz.ac.at,47.516231,14.550072,,AT
uni-mainz.de,51.165690999999995,10.451526,,DE
uni-mannheim.de,51.165690999999995,10.451526,,DE
uni-muenchen.de,51.165690999999995,10.451526,,DE
uni-muenster.de,51.165690999999995,10.451526,,DE
uni-oldenburg.de,51.165690999999995,10.451526,,DE
uni-osnabrueck.de,51.165690999999995,10.451526,,DE
uni-paderborn.de,51.165690999999995,10.451526,,DE
uni-potsdam.de,51.165690999999995,10.451526,,DE
uni-regensburg.de,51.165690999999995,10.451526,,DE
uni-rostock.de,51.165690999999995,10.451526,,DE
uni-siegen.de,51.165690999999995,10.451526,,DE
uni-sofia.bg,42.733883,25.48583,,BG
uni-tuebingen.de,51.165690999999995,10.451526,,DE
uni-wien.ac.at,47.516231,14.550072,,AT
uni-wuerzburg.de,51.165690999999995,10.451526,,DE
uni-wuppertal.de,51.165690999999995,10.451526,,DE
uniba.sk,48.669026,19.699023999999998,,SK
unibas.ch,46.818188,8.227511999999999,,CH
unibe.ch,46.818188,8.227511999999999,,CH
unibz.it,41.87194,12.56738,,IT
unica.it,41.87194,12.56738,,IT
unical.it,41.87194,12.56738,,IT
unicam.it,41.87194,12.56738,,IT
unicamp.br,-14.235004,-51.92528,,BR
unifei.edu.br,-14.235004,-51.92528,,BR
unifr.ch,46.818188,8.227511999999999,,CH
unige.ch,46.818188,8.227511999999999,,CH
unil.ch,46.818188,8.227511999999999,,CH
unimelb.edu.au,-25.274398,133.775136,,AU
unimo.it,41.87194,12.56738,,IT
unine.ch,46.818188,8.227511999999999,,CH
uninsubria.it,41.87194,12.56738,,IT
uniovi.es,40.463667,-3.7492199999999998,,ES
unipi.it,41.87194,12.56738,,IT
unipr.it,41.87194,12.56738,,IT
unipv.it,41.87194,12.56738,,IT
uniroma1.it,41.87194,12.56738,,IT
uniroma2.it,41.87194,12.56738,,IT
unisa.it,41.87194,12.56738,,IT
unit.no,60.472024,8.468946,,NO
unitn.it,41.87194,12.56738,,IT
unito.it,41.87194,12.56738,,IT
univ-angers.fr,46.227638,2.213749,,FR
univ-bpclermont.fr,46.227638,2.213749,,FR
univ-lyon1.fr,46.227638,2.213749,,FR
univ-montp2.fr,46.227638,2.213749,,FR
univ-mrs.fr,46.227638,2.213749,,FR
univ-nantes.fr,46.227638,2.213749,,FR
univ-oran.dz,28.033886,1.6596259999999998,,DZ
univ-tours.fr,46.227638,2.213749,,FR
univalle.edu.co,4.570868,-74.297333,,CO
univie.ac.at,47.516231,14.550072,,AT
unizar.es,40.463667,-3.7492199999999998,,ES
unizh.ch,46.818188,8.227511999999999,,CH
unlp.edu.ar,-38.416097,-63.616671999999994,,AR
unm.edu,35.0443,-106.673,Albuquerque,US
unn.ac.ru,61.52401,105.31875600000001,,RU
unn.ac.uk,54.9733,-1.614,Newcastle Upon Tyne,GB
unsw.edu.au,-25.274398,133.775136,,AU
uoa.gr,39.074208,21.824312,,GR
uoc.gr,39.074208,21.824312,,GR
uoguelph.ca,56.130366,-106.34677099999999,,CA
uoi.gr,39.074208,21.824312,,GR
uok.ac.ir,32.427908,53.68804599999999,,IR
uos.ac.kr,35.907757000000004,127.766922,,KR
up.pt,39.399871999999995,-8.224454,,PT
upatras.gr,39.074208,21.824312,,GR
upc.es,40.463667,-3.7492199999999998,,ES
upct.es,40.463667,-3.7492199999999998,,ES
upd.edu.ph,12.879721,121.77401699999999,,PH
upenn.edu,39.9597,-75.2024,Philadelphia,US
uq.edu.au,-25.274398,133.775136,,AU
uregina.ca,56.130366,-106.34677099999999,,CA
us.edu.pl,51.919438,19.145135999999997,,PL
usach.cl,-35.675146999999996,-71.542969,,CL
usal.es,40.463667,-3.7492199999999998,,ES
usask.ca,56.130366,-106.34677099999999,,CA
usb.ve,6.42375,-66.58973,,VE
usc.edu,33.1193,-117.185,San Marcos,US
usc.es,40.463667,-3.7492199999999998,,ES
usfca.edu,37.751,-97.822,,US
usp.br,-14.235004,-51.92528,,BR
ustc.edu.cn,35.86166,104.195397,,CN
usu.edu,41.6412,-111.897,Logan,US
usyd.edu.au,-25.274398,133.775136,,AU
ut.ac.ir,32.427908,53.68804599999999,,IR
ut.ee,58.595271999999994,25.013607,,EE
utah.edu,40.7548,-111.881,Salt Lake City,US
utas.edu.au,-25.274398,133.775136,,AU
utcluj.ro,45.943160999999996,24.96676,,RO
utexas.edu,37.751,-97.822,,US
utfsm.cl,-35.675146999999996,-71.542969,,CL
utk.edu,35.9901,-83.9622,Knoxville,US
utl.pt,39.399871999999995,-8.224454,,PT
utoronto.ca,56.130366,-106.34677099999999,,CA
utovrm.it,41.87194,12.56738,,IT
utu.fi,61.92411,25.748151,,FI
utwente.nl,52.132633,5.291266,,NL
uu.nl,52.132633,5.291266,,NL
uu.se,60.128161,18.643501,,SE
uv.es,40.463667,-3.7492199999999998,,ES
uva.es,40.463667,-3.7492199999999998,,ES
uva.nl,52.132633,5.291266,,NL
uvic.ca,56.130366,-106.34677099999999,,CA
uwa.edu.au,-25.274398,133.775136,,AU
uwaterloo.ca,56.130366,-106.34677099999999,,CA
uwgb.edu,44.4914,-87.9267,Green Bay,US
uwinnipeg.ca,56.130366,-106.34677099999999,,CA
uwm.edu,30.0866,-94.1274,Beaumont,US
uwo.ca,56.130366,-106.34677099999999,,CA
uzhgorod.ua,48.379433,31.16558,,UA
uzulu.ac.za,-30.559482,22.937506,,ZA
vanderbilt.edu,36.1504,-86.7916,Nashville,US
vcu.edu,37.5494,-77.4512,Richmond,US
virginia.edu,38.0401,-78.4851,Charlottesville,US
vniief.ru,61.52401,105.31875600000001,,RU
vt.edu,37.1791,-80.3515,Blacksburg,US
vu.nl,52.132633,5.291266,,NL
vub.ac.be,50.503887,4.469936,,BE
vuw.ac.nz,-40.900557,174.88597099999998,,NZ
warwick.ac.uk,52.3833,-1.55,Canley,GB
waseda.ac.jp,36.204824,138.252924,,JP
washington.edu,47.6701,-122.376,Seattle,US
web.de,51.165690999999995,10.451526,,DE
weizmann.ac.il,31.046051000000002,34.851612,,IL
wias-berlin.de,51.165690999999995,10.451526,,DE
wisc.edu,43.0769,-89.4094,Madison,US
wissal.dz,28.033886,1.6596259999999998,,DZ
wit.edu,37.751,-97.822,,US
wits.ac.za,-30.559482,22.937506,,ZA
wm.edu,37.3105,-76.7468,Williamsburg,US
wroc.pl,51.919438,19.145135999999997,,PL
wsu.edu,46.7313,-117.18,Pullman,US
wustl.edu,38.6385,-90.3026,Saint Louis,US
xjtu.edu.cn,35.86166,104.195397,,CN
yale.edu,37.751,-97.822,,US
yamagata-u.ac.jp,36.204824,138.252924,,JP
yamaguchi-u.ac.jp,36.204824,138.252924,,JP
yandex.ru,61.52401,105.31875600000001,,RU
yar.ru,61.52401,105.31875600000001,,RU
yaroslavl.ru,61.52401,105.31875600000001,,RU
yerphi.am,40.069099,45.038189,,AM
ynu.ac.jp,36.204824,138.252924,,JP
yokohama-cu.ac.jp,36.204824,138.252924,,JP
yonsei.ac.kr,35.907757000000004,127.766922,,KR
york.ac.uk,53.9333,-1.0667,Fulford,GB
zgora.pl,51.919438,19.145135999999997,,PL
zju.edu.cn,35.86166,104.195397,,CN
zjut.edu.cn,35.86166,104.195397,,CN
zsu.edu.cn,35.86166,104.195397,,CN
